"parentCustomerID","child_id","ChildCustomerId"
1,2,C. Traveller
2,5,C. Traveller
1,8,S. IND
9,10,C. Traveller
2,11,C. Traveller
15,29,S. F&B
15,29,C. Traveller
31,29,S. F&B
31,29,C. Traveller
174,29,S. F&B
174,29,C. Traveller
31,30,S. F&B
31,30,C. Traveller
175,30,S. F&B
175,30,C. Traveller
176,30,S. F&B
176,30,C. Traveller
177,30,S. F&B
177,30,C. Traveller
31,33,C. Traveller
31,34,"3. Factuuradres"
63,62,"3. Factuuradres"
63,62,"1. Parent company"
64,62,"3. Factuuradres"
64,62,"1. Parent company"
71,62,"3. Factuuradres"
71,62,"1. Parent company"
63,64,"3. Factuuradres"
70,64,"3. Factuuradres"
276,64,"3. Factuuradres"
63,65,"3. Factuuradres"
63,65,"1. Parent company"
63,66,"3. Factuuradres"
63,66,"1. Parent company"
1103,68,"3. Factuuradres"
1103,68,"1. Parent company"
68,69,"3. Factuuradres"
68,69,"1. Parent company"
240,73,"3. Factuuradres"
240,73,"1. Parent company"
241,73,"3. Factuuradres"
241,73,"1. Parent company"
1564,73,"3. Factuuradres"
1564,73,"1. Parent company"
242,74,"3. Factuuradres"
242,74,"1. Parent company"
243,74,"3. Factuuradres"
243,74,"1. Parent company"
2724,74,"3. Factuuradres"
2724,74,"1. Parent company"
77,76,"3. Factuuradres"
77,76,"1. Parent company"
247,76,"3. Factuuradres"
247,76,"1. Parent company"
248,76,"3. Factuuradres"
248,76,"1. Parent company"
249,76,"3. Factuuradres"
249,76,"1. Parent company"
250,76,"3. Factuuradres"
250,76,"1. Parent company"
251,76,"3. Factuuradres"
251,76,"1. Parent company"
787,76,"3. Factuuradres"
787,76,"1. Parent company"
810,76,"3. Factuuradres"
810,76,"1. Parent company"
1049,76,"3. Factuuradres"
1049,76,"1. Parent company"
1165,76,"3. Factuuradres"
1165,76,"1. Parent company"
1250,76,"3. Factuuradres"
1250,76,"1. Parent company"
1258,76,"3. Factuuradres"
1258,76,"1. Parent company"
1272,76,"3. Factuuradres"
1272,76,"1. Parent company"
1282,76,"3. Factuuradres"
1282,76,"1. Parent company"
1525,76,"3. Factuuradres"
1525,76,"1. Parent company"
1581,76,"3. Factuuradres"
1581,76,"1. Parent company"
1713,76,"3. Factuuradres"
1713,76,"1. Parent company"
1814,76,"3. Factuuradres"
1814,76,"1. Parent company"
1965,76,"3. Factuuradres"
1965,76,"1. Parent company"
1995,76,"3. Factuuradres"
1995,76,"1. Parent company"
2011,76,"3. Factuuradres"
2011,76,"1. Parent company"
2012,76,"3. Factuuradres"
2012,76,"1. Parent company"
2445,76,"3. Factuuradres"
2445,76,"1. Parent company"
2514,76,"3. Factuuradres"
2514,76,"1. Parent company"
2573,76,"3. Factuuradres"
2573,76,"1. Parent company"
1065,76,"3. Factuuradres"
1065,76,"1. Parent company"
2633,76,"3. Factuuradres"
2633,76,"1. Parent company"
2799,76,"3. Factuuradres"
2799,76,"1. Parent company"
3188,76,"3. Factuuradres"
3188,76,"1. Parent company"
3526,76,"3. Factuuradres"
3526,76,"1. Parent company"
3486,76,"3. Factuuradres"
3486,76,"1. Parent company"
4324,76,"3. Factuuradres"
4324,76,"1. Parent company"
4185,76,"3. Factuuradres"
4185,76,"1. Parent company"
4619,76,"3. Factuuradres"
4619,76,"1. Parent company"
4653,76,"3. Factuuradres"
4653,76,"1. Parent company"
4690,76,"3. Factuuradres"
4690,76,"1. Parent company"
4709,76,"3. Factuuradres"
4709,76,"1. Parent company"
252,77,"3. Factuuradres"
252,77,"1. Parent company"
253,77,"3. Factuuradres"
253,77,"1. Parent company"
254,77,"3. Factuuradres"
254,77,"1. Parent company"
255,77,"3. Factuuradres"
255,77,"1. Parent company"
256,77,"3. Factuuradres"
256,77,"1. Parent company"
257,77,"3. Factuuradres"
257,77,"1. Parent company"
988,77,"3. Factuuradres"
988,77,"1. Parent company"
989,77,"3. Factuuradres"
989,77,"1. Parent company"
1016,77,"3. Factuuradres"
1016,77,"1. Parent company"
1050,77,"3. Factuuradres"
1050,77,"1. Parent company"
1052,77,"3. Factuuradres"
1052,77,"1. Parent company"
1211,77,"3. Factuuradres"
1211,77,"1. Parent company"
1302,77,"3. Factuuradres"
1302,77,"1. Parent company"
1356,77,"3. Factuuradres"
1356,77,"1. Parent company"
1357,77,"3. Factuuradres"
1357,77,"1. Parent company"
1365,77,"3. Factuuradres"
1365,77,"1. Parent company"
1674,77,"3. Factuuradres"
1674,77,"1. Parent company"
1834,77,"3. Factuuradres"
1834,77,"1. Parent company"
2297,77,"3. Factuuradres"
2297,77,"1. Parent company"
2493,77,"3. Factuuradres"
2493,77,"1. Parent company"
2942,77,"3. Factuuradres"
2942,77,"1. Parent company"
2972,77,"3. Factuuradres"
2972,77,"1. Parent company"
3358,77,"3. Factuuradres"
3358,77,"1. Parent company"
3485,77,"3. Factuuradres"
3485,77,"1. Parent company"
3618,77,"3. Factuuradres"
3618,77,"1. Parent company"
4151,77,"3. Factuuradres"
4151,77,"1. Parent company"
4231,77,"3. Factuuradres"
4231,77,"1. Parent company"
4297,77,"3. Factuuradres"
4297,77,"1. Parent company"
4333,77,"3. Factuuradres"
4333,77,"1. Parent company"
4441,77,"3. Factuuradres"
4441,77,"1. Parent company"
258,78,"3. Factuuradres"
258,78,"1. Parent company"
259,79,"3. Factuuradres"
259,79,"1. Parent company"
260,79,"3. Factuuradres"
260,79,"1. Parent company"
261,79,"3. Factuuradres"
261,79,"1. Parent company"
262,79,"3. Factuuradres"
262,79,"1. Parent company"
1801,79,"3. Factuuradres"
1801,79,"1. Parent company"
2494,79,"3. Factuuradres"
2494,79,"1. Parent company"
4550,79,"3. Factuuradres"
4550,79,"1. Parent company"
263,80,"3. Factuuradres"
263,80,"1. Parent company"
264,81,"3. Factuuradres"
264,81,"1. Parent company"
265,82,"3. Factuuradres"
265,82,"1. Parent company"
266,82,"3. Factuuradres"
266,82,"1. Parent company"
267,83,"3. Factuuradres"
267,83,"1. Parent company"
1051,83,"3. Factuuradres"
1051,83,"1. Parent company"
3749,83,"3. Factuuradres"
3749,83,"1. Parent company"
268,84,"3. Factuuradres"
268,84,"1. Parent company"
269,84,"3. Factuuradres"
269,84,"1. Parent company"
270,85,"3. Factuuradres"
270,85,"1. Parent company"
271,85,"3. Factuuradres"
271,85,"1. Parent company"
864,101,"3. Factuuradres"
864,101,"1. Parent company"
67,218,"3. Factuuradres"
67,218,"1. Parent company"
97,273,"3. Factuuradres"
97,273,"1. Parent company"
67,275,"3. Factuuradres"
67,275,"1. Parent company"
278,279,"3. Factuuradres"
278,279,"1. Parent company"
158,281,"1. Parent company"
15,281,"1. Parent company"
1765,285,"1. Parent company"
3140,285,"1. Parent company"
3342,285,"1. Parent company"
4693,285,"1. Parent company"
423,287,"1. Parent company"
1208,288,"1. Parent company"
3404,288,"1. Parent company"
290,289,C. Traveller
1064,299,Chain
1232,299,Chain
15,318,"3. Factuuradres"
15,318,"1. Parent company"
318,320,Hotelname
318,321,Hotelname
318,322,Hotelname
318,323,Hotelname
284,324,Hotelname
284,326,Hotelname
284,327,Hotelname
284,328,Hotelname
284,330,Hotelname
330,331,Hotelname
330,332,Hotelname
284,333,Hotelname
333,334,Hotelname
284,335,Hotelname
285,336,Hotelname
285,337,Hotelname
285,339,Hotelname
285,340,Hotelname
340,341,Hotelname
285,342,Hotelname
342,343,Hotelname
285,344,Hotelname
344,345,Hotelname
285,346,Hotelname
285,347,Hotelname
347,348,Hotelname
285,349,Hotelname
349,350,Hotelname
285,351,Hotelname
285,352,Hotelname
285,353,Hotelname
353,354,Hotelname
285,355,Hotelname
285,356,Hotelname
356,357,Hotelname
285,358,Hotelname
285,359,Hotelname
2207,359,Hotelname
3042,359,Hotelname
285,360,Hotelname
285,361,Reservations
285,361,Hotelname
361,362,"3. Factuuradres"
361,362,Hotelname
285,365,Hotelname
285,366,Hotelname
285,367,Hotelname
285,368,Hotelname
368,369,Hotelname
285,370,Hotelname
285,371,Hotelname
371,372,Hotelname
285,373,Hotelname
285,374,Hotelname
374,375,Hotelname
285,376,Hotelname
285,377,Hotelname
377,378,Hotelname
285,379,Hotelname
379,380,Hotelname
285,381,Hotelname
285,382,Hotelname
382,383,Hotelname
285,384,Hotelname
384,385,Hotelname
285,386,Hotelname
285,387,Hotelname
285,388,Hotelname
388,389,Hotelname
286,390,Hotelname
286,391,Reservations
286,392,"3. Factuuradres"
286,392,Hotelname
286,395,Hotelname
395,396,Hotelname
286,397,Hotelname
397,398,Hotelname
286,399,Hotelname
399,400,Hotelname
286,401,Hotelname
401,402,Hotelname
286,403,Hotelname
403,404,Hotelname
286,405,Hotelname
405,406,Hotelname
286,407,Hotelname
407,408,Hotelname
407,409,Hotelname
286,410,Hotelname
410,411,Hotelname
410,412,Hotelname
286,413,Hotelname
413,414,Hotelname
286,415,Reservations
415,416,Hotelname
286,417,Hotelname
417,418,Hotelname
419,420,Hotelname
287,421,Hotelname
287,422,Hotelname
759,423,Hotelname
287,423,Hotelname
423,424,Hotelname
287,425,Hotelname
288,426,Hotelname
426,427,Hotelname
426,428,Hotelname
429,430,Hotelname
429,431,Hotelname
288,432,Hotelname
432,433,Hotelname
288,434,Hotelname
434,435,Hotelname
434,437,Hotelname
288,438,Hotelname
438,439,Hotelname
438,440,Hotelname
288,441,Hotelname
441,442,Hotelname
288,443,Hotelname
443,444,Hotelname
443,445,Hotelname
288,446,Hotelname
446,448,Hotelname
434,449,Hotelname
446,449,Hotelname
288,451,Hotelname
451,452,Sales Manager
451,452,Chain
451,453,Sales Manager
451,453,Chain
288,454,ii. Hotel
288,454,Chain
288,454,Contracted
454,455,ii. Hotel
454,455,Chain
454,455,Contracted
454,456,ii. Hotel
454,456,Chain
289,457,Sales Manager
289,457,Chain
289,458,ii. Hotel
289,458,Chain
290,459,ii. Hotel
290,459,Chain
290,460,ii. Hotel
290,460,Chain
290,461,Sales Manager
290,461,Hotelname
290,462,ii. Hotel
290,462,Chain
462,463,ii. Hotel
462,463,Chain
462,464,ii. Hotel
462,464,Chain
290,465,ii. Hotel
290,465,Chain
465,466,ii. Hotel
465,466,Chain
290,467,ii. Hotel
290,467,Chain
467,468,ii. Hotel
467,468,Chain
467,469,ii. Hotel
467,469,Chain
290,470,ii. Hotel
290,470,Chain
470,471,ii. Hotel
470,471,Chain
289,472,ii. Hotel
289,472,Chain
472,473,ii. Hotel
472,473,Chain
291,474,ii. Hotel
291,474,Chain
291,475,ii. Hotel
291,475,Chain
475,476,ii. Hotel
475,476,Chain
475,477,ii. Hotel
475,477,Chain
291,478,ii. Hotel
291,478,Chain
478,479,ii. Hotel
478,479,Chain
291,480,ii. Hotel
291,480,Chain
480,481,ii. Hotel
480,481,Chain
480,482,ii. Hotel
480,482,Chain
291,483,ii. Hotel
291,483,Chain
483,484,ii. Hotel
483,484,Chain
483,485,ii. Hotel
483,485,Chain
291,486,ii. Hotel
291,486,Chain
486,487,ii. Hotel
486,487,Chain
486,488,ii. Hotel
486,488,Chain
486,489,ii. Hotel
486,489,Chain
486,490,ii. Hotel
486,490,Chain
291,491,ii. Hotel
291,491,Chain
491,492,ii. Hotel
491,492,Chain
491,493,ii. Hotel
491,493,Chain
291,494,ii. Hotel
291,494,Chain
494,495,Sales Manager
494,495,Chain
291,497,ii. Hotel
291,497,Chain
497,498,ii. Hotel
497,498,Chain
497,499,ii. Hotel
497,499,Chain
291,500,ii. Hotel
291,500,Chain
500,501,ii. Hotel
500,501,Chain
500,502,ii. Hotel
500,502,Chain
291,503,ii. Hotel
291,503,Chain
503,504,Banquet Sales
503,504,Hotelname
503,506,ii. Hotel
503,506,Chain
291,507,ii. Hotel
291,507,Chain
507,508,ii. Hotel
507,508,Chain
292,509,ii. Hotel
292,509,Chain
292,510,Banquet Sales
292,510,Chain
293,511,Sales Manager
293,511,Chain
293,512,ii. Hotel
293,512,Chain
512,513,ii. Hotel
512,513,Chain
293,514,ii. Hotel
293,514,Chain
514,515,Banquet Sales
514,515,Hotelname
514,516,ii. Hotel
514,516,Chain
514,517,ii. Hotel
514,517,Chain
293,518,ii. Hotel
293,518,Chain
518,519,Sales Manager
518,519,Hotelname
520,521,ii. Hotel
520,521,Chain
293,522,Banquet Sales
293,522,Hotelname
522,523,ii. Hotel
522,523,Chain
293,524,ii. Hotel
293,524,Chain
524,525,ii. Hotel
524,525,Chain
293,526,Banquet Sales
293,526,Hotelname
526,528,Sales Manager
526,528,Hotelname
293,529,ii. Hotel
293,529,Chain
529,530,ii. Hotel
529,530,Chain
294,531,DOS
294,531,Chain
1004,531,DOS
1004,531,Chain
531,532,Sales Manager
531,532,Chain
294,536,Sales Manager
294,536,Chain
536,537,Reservations
536,537,Contracted
536,538,Reservations
536,538,Chain
536,539,ii. Hotel
536,539,Chain
536,540,Sales Manager
536,540,Hotelname
294,541,Banquet Sales
294,541,Hotelname
541,542,ii. Hotel
541,542,Chain
541,543,Banquet Sales
541,543,Hotelname
294,544,ii. Hotel
294,544,Chain
295,545,Banquet Sales
295,545,Hotelname
295,546,Banquet Sales
295,546,Hotelname
546,547,ii. Hotel
546,547,Chain
546,548,Banquet Sales
546,548,Hotelname
295,549,ii. Hotel
295,549,Chain
549,550,Sales Manager
549,550,Hotelname
549,551,Sales Manager
549,551,Chain
295,552,ii. Hotel
295,552,Chain
295,553,Banquet Sales
295,553,Hotelname
555,554,ii. Hotel
555,554,Chain
296,555,Accounts Payable
296,555,General Manager
555,556,ii. Hotel
555,556,Chain
296,558,ii. Hotel
296,558,Chain
296,559,General Manager
296,559,Hotelname
296,560,ii. Hotel
296,560,Chain
297,561,Sales Manager
297,561,Hotelname
563,562,ii. Hotel
563,562,Chain
297,563,ii. Hotel
297,563,Chain
563,564,Banquet Sales
563,564,Hotelname
297,565,ii. Hotel
297,565,Chain
565,566,Reservations
565,566,Hotelname
297,567,ii. Hotel
297,567,Chain
567,568,ii. Hotel
567,568,Chain
297,569,Banquet Sales
297,569,Hotelname
297,571,ii. Hotel
297,571,Chain
571,572,Sales Manager
571,572,Hotelname
297,573,ii. Hotel
297,573,Chain
573,574,Sales Manager
573,574,Chain
297,575,ii. Hotel
297,575,Chain
575,576,Sales Manager
575,576,Hotelname
298,578,Banquet Sales
298,578,Hotelname
577,578,Banquet Sales
577,578,Hotelname
299,579,ii. Hotel
299,579,Chain
299,580,ii. Hotel
299,580,Chain
580,581,ii. Hotel
580,581,Chain
299,582,ii. Hotel
299,582,Chain
299,583,ii. Hotel
299,583,Chain
299,584,Banquet Sales
299,584,Hotelname
299,585,ii. Hotel
299,585,Chain
299,586,ii. Hotel
299,586,Chain
586,587,Sales Manager
586,587,Hotelname
586,588,Banquet Sales
586,588,Hotelname
299,589,ii. Hotel
299,589,Chain
299,590,Sales Manager
299,590,Hotelname
590,591,Reservations
590,591,Hotelname
299,592,Banquet Sales
299,592,Hotelname
592,593,ii. Hotel
592,593,Chain
592,594,Banquet Sales
592,594,Hotelname
592,595,ii. Hotel
592,595,Chain
299,597,Sales Manager
299,597,Chain
597,598,ii. Hotel
597,598,Chain
299,599,Reservations
299,599,Hotelname
599,600,ii. Hotel
599,600,Chain
300,601,Banquet Sales
300,601,Hotelname
300,602,ii. Hotel
300,602,Chain
602,603,ii. Hotel
602,603,Chain
605,606,Banquet Sales
605,606,Hotelname
607,608,ii. Hotel
607,608,Chain
607,609,ii. Hotel
607,609,Chain
610,611,Sales Manager
610,611,Chain
302,612,ii. Hotel
302,612,Chain
302,613,Banquet Sales
302,613,Hotelname
302,614,ii. Hotel
302,614,Chain
614,615,Banquet Sales
614,615,Hotelname
614,616,ii. Hotel
614,616,Chain
303,617,Banquet Sales
303,617,Hotelname
617,618,ii. Hotel
617,618,Chain
303,619,ii. Hotel
303,619,Chain
619,620,ii. Hotel
619,620,Chain
304,621,ii. Hotel
304,621,Chain
304,622,Sales Manager
304,622,Chain
304,623,ii. Hotel
304,623,Chain
304,624,ii. Hotel
304,624,Chain
304,625,ii. Hotel
304,625,Chain
304,626,ii. Hotel
304,626,Chain
627,628,ii. Hotel
627,628,Chain
629,630,ii. Hotel
629,630,Chain
632,633,DOS
632,633,Hotelname
634,635,Reservations
634,635,Hotelname
636,637,Reservations
636,637,Hotelname
2131,637,Reservations
2131,637,Hotelname
638,639,Sales Manager
638,639,Hotelname
638,640,Sales Manager
638,640,Chain
643,644,ii. Hotel
643,644,Chain
643,645,ii. Hotel
643,645,Chain
646,647,Sales Manager
646,647,Chain
648,649,ii. Hotel
648,649,Chain
650,651,ii. Hotel
650,651,Chain
650,652,General Manager
650,652,Hotelname
307,653,Reservations
307,653,Hotelname
307,654,DOS
307,654,Hotelname
654,656,Sales Manager
654,656,Hotelname
307,657,Sales Manager
307,657,Hotelname
657,658,ii. Hotel
657,658,Chain
657,659,Banquet Sales
657,659,Hotelname
657,660,Reservations
657,660,Hotelname
307,661,ii. Hotel
307,661,Chain
661,662,Sales Manager
661,662,Hotelname
661,663,ii. Hotel
661,663,Chain
307,664,ii. Hotel
307,664,Chain
664,665,Sales Manager
664,665,Hotelname
667,666,ii. Hotel
667,666,Chain
307,667,ii. Hotel
307,667,Chain
667,668,Sales Manager
667,668,Hotelname
307,669,Owner
307,669,Hotelname
669,670,General Manager
669,670,Hotelname
308,671,Owner
308,671,Hotelname
308,672,Banquet Sales
308,672,Chain
673,674,iii. Vergader loc.
673,674,iv. Restaurant
673,674,viii. Private Dining
673,674,Chain
675,676,iv. Restaurant
675,676,Chain
678,679,iii. Vergader loc.
678,679,viii. Private Dining
678,679,Chain
680,681,Owner
680,681,Hotelname
2932,682,Sales Manager
2932,682,Chain
682,683,iii. Vergader loc.
682,683,Chain
1139,684,iii. Vergader loc.
1139,684,Chain
308,684,iii. Vergader loc.
308,684,Chain
686,687,Sales Manager
686,687,Hotelname
690,691,ii. Hotel
690,691,iii. Vergader loc.
690,691,iv. Restaurant
690,691,viii. Private Dining
690,691,Chain
692,693,ii. Hotel
692,693,iii. Vergader loc.
692,693,iv. Restaurant
692,693,viii. Private Dining
692,693,Chain
694,695,Chain
697,698,Chain
699,700,Chain
701,702,Chain
309,703,Chain
309,704,Chain
309,705,Chain
706,707,v. Leverancier
708,709,"1. Parent company"
310,711,"3. Factuuradres"
310,711,"1. Parent company"
310,712,Banquet Sales
715,716,Reservations
717,718,"3. Factuuradres"
717,718,"1. Parent company"
311,719,"1. Parent company"
311,720,"1. Parent company"
311,721,"1. Parent company"
311,722,"3. Factuuradres"
311,722,"1. Parent company"
312,735,"3. Factuuradres"
312,735,"1. Parent company"
736,737,"1. Parent company"
738,739,Reservations
833,740,"3. Factuuradres"
833,740,"1. Parent company"
954,740,"3. Factuuradres"
954,740,"1. Parent company"
742,740,"3. Factuuradres"
742,740,"1. Parent company"
741,740,"3. Factuuradres"
741,740,"1. Parent company"
313,744,"1. Parent company"
313,745,"3. Factuuradres"
313,745,C. Traveller
313,745,B. Booker
313,745,"1. Parent company"
313,746,"1. Parent company"
313,747,"3. Factuuradres"
313,747,"1. Parent company"
750,751,"1. Parent company"
752,753,"3. Factuuradres"
755,754,"2. Sub company"
762,763,Finance
768,769,C. Traveller
773,774,"1. Parent company"
775,776,"1. Parent company"
778,779,"1. Parent company"
780,781,"3. Factuuradres"
780,781,"1. Parent company"
782,783,"3. Factuuradres"
782,783,"2. Sub company"
1042,785,"1. Parent company"
1494,785,"1. Parent company"
1042,786,"1. Parent company"
1494,786,"1. Parent company"
805,806,"1. Parent company"
811,812,"1. Parent company"
301,814,"1. Parent company"
817,818,"1. Parent company"
819,820,"1. Parent company"
765,821,"1. Parent company"
585,824,"1. Parent company"
825,826,"1. Parent company"
829,827,"1. Parent company"
829,828,"1. Parent company"
832,830,"1. Parent company"
830,831,"1. Parent company"
643,837,"1. Parent company"
838,839,"1. Parent company"
67,841,"1. Parent company"
842,843,"1. Parent company"
848,849,"1. Parent company"
223,851,"1. Parent company"
299,854,"1. Parent company"
854,855,"1. Parent company"
256,856,"1. Parent company"
256,857,"1. Parent company"
256,858,"1. Parent company"
256,859,"1. Parent company"
215,866,"1. Parent company"
215,867,"1. Parent company"
215,868,"1. Parent company"
215,869,"1. Parent company"
215,870,Banquet Sales
215,871,iii. Vergader loc.
215,871,v. Leverancier
215,871,Reservations
215,872,Hotelname
215,873,Hotelname
215,878,"2. Sub company"
215,878,iv. Restaurant
215,878,v. Leverancier
215,880,"1. Parent company"
215,881,"1. Parent company"
215,883,General Manager
215,884,Owner
215,885,Reservations
215,885,Banquet Sales
215,885,DOS
215,886,Owner
215,887,"3. Factuuradres"
215,887,Finance
215,888,"1. Parent company"
215,889,"1. Parent company"
215,889,Owner
215,890,"1. Parent company"
215,892,Reservations
215,896,"3. Factuuradres"
215,896,"1. Parent company"
215,897,"3. Factuuradres"
215,898,"3. Factuuradres"
215,899,"3. Factuuradres"
215,899,"1. Parent company"
215,900,"2. Sub company"
215,901,Reservations
215,901,Finance
215,902,"3. Factuuradres"
215,902,C. Traveller
215,903,"3. Factuuradres"
215,903,B. Booker
215,903,"2. Sub company"
215,904,"1. Parent company"
215,905,"1. Parent company"
215,906,Reservations
215,908,"1. Parent company"
215,909,Reservations
215,910,Sales Manager
215,912,"3. Factuuradres"
215,912,"1. Parent company"
215,913,"3. Factuuradres"
215,913,"1. Parent company"
215,914,"3. Factuuradres"
215,914,"1. Parent company"
215,915,Finance
215,916,"3. Factuuradres"
215,916,Owner
215,918,Reservations
215,920,C. Traveller
215,921,C. Traveller
215,922,C. Traveller
215,923,C. Traveller
215,924,"3. Factuuradres"
215,924,"1. Parent company"
215,925,"3. Factuuradres"
215,925,"1. Parent company"
215,926,"3. Factuuradres"
215,926,"1. Parent company"
215,927,Reservations
215,928,Banquet Sales
215,932,Reservations
215,932,Banquet Sales
215,933,"1. Parent company"
215,934,"3. Factuuradres"
215,934,ii. Hotel
215,934,"2. Sub company"
215,935,"1. Parent company"
215,936,"3. Factuuradres"
215,936,"1. Parent company"
215,937,"1. Parent company"
215,938,"3. Factuuradres"
215,939,"1. Parent company"
215,940,ii. Hotel
215,940,"2. Sub company"
215,941,Banquet Sales
215,942,"1. Parent company"
215,943,"1. Parent company"
215,944,"3. Factuuradres"
215,944,"1. Parent company"
215,945,ii. Hotel
946,947,Sales Manager
948,949,"3. Factuuradres"
948,949,"1. Parent company"
67,950,"3. Factuuradres"
67,950,"1. Parent company"
67,951,"3. Factuuradres"
958,959,"1. Parent company"
964,965,"3. Factuuradres"
964,965,"2. Sub company"
964,965,Chain
966,967,"3. Factuuradres"
966,967,"1. Parent company"
968,969,"1. Parent company"
970,971,"1. Parent company"
755,972,"1. Parent company"
974,975,"1. Parent company"
974,976,"3. Factuuradres"
974,976,"1. Parent company"
974,977,"1. Parent company"
983,978,"1. Parent company"
980,981,"1. Parent company"
299,984,"1. Parent company"
854,984,"1. Parent company"
443,987,Banquet Sales
990,991,A. VIP
992,993,"3. Factuuradres"
992,993,"1. Parent company"
992,994,Chain
994,995,Chain
996,997,Banquet Sales
998,999,C. Traveller
1006,1005,"1. Parent company"
1007,1008,"1. Parent company"
67,1011,"3. Factuuradres"
67,1011,"1. Parent company"
67,1012,"1. Parent company"
67,1013,"3. Factuuradres"
67,1013,"1. Parent company"
67,1014,"3. Factuuradres"
67,1014,"1. Parent company"
1018,1019,"3. Factuuradres"
1018,1019,Banquet Sales
1018,1020,"3. Factuuradres"
1018,1020,"1. Parent company"
423,1025,"1. Parent company"
302,1026,"1. Parent company"
3043,1026,"1. Parent company"
1026,1027,"1. Parent company"
240,1028,"1. Parent company"
1030,1031,"1. Parent company"
223,1033,"1. Parent company"
286,1034,"1. Parent company"
1034,1035,"1. Parent company"
256,1036,"1. Parent company"
1037,1038,"1. Parent company"
290,1040,"1. Parent company"
1030,1041,"1. Parent company"
1494,1042,"1. Parent company"
297,1048,ii. Hotel
267,1051,C. Traveller
1054,1055,"3. Factuuradres"
1054,1055,"1. Parent company"
234,1056,"1. Parent company"
304,1057,"1. Parent company"
646,1058,"1. Parent company"
1050,1059,"1. Parent company"
1061,1060,"1. Parent company"
1062,1063,"3. Factuuradres"
1062,1063,"1. Parent company"
1067,1068,"1. Parent company"
1067,1069,"1. Parent company"
1067,1070,ii. Hotel
1067,1070,Chain
1067,1071,"1. Parent company"
1067,1072,"1. Parent company"
1067,1073,"1. Parent company"
1067,1074,"1. Parent company"
1067,1075,iv. Restaurant
1067,1075,Chain
1077,1078,"1. Parent company"
1079,1080,Owner
1082,1083,"3. Factuuradres"
1082,1083,"1. Parent company"
1494,1084,"1. Parent company"
1494,1084,i. Hotel Chain
1084,1085,"1. Parent company"
1084,1085,i. Hotel Chain
107,1086,"1. Parent company"
1087,1088,"1. Parent company"
1089,1090,"1. Parent company"
1092,1093,"1. Parent company"
632,1097,"1. Parent company"
1099,1100,"1. Parent company"
1101,1102,"1. Parent company"
68,1104,"3. Factuuradres"
68,1104,"1. Parent company"
288,1111,"1. Parent company"
1112,1113,"1. Parent company"
312,1114,ii. Hotel
251,1117,"1. Parent company"
223,1118,"1. Parent company"
223,1119,"3. Factuuradres"
223,1119,"1. Parent company"
223,1120,"3. Factuuradres"
223,1120,"1. Parent company"
223,1121,"3. Factuuradres"
223,1121,"1. Parent company"
223,1122,"1. Parent company"
223,1123,"3. Factuuradres"
223,1123,"1. Parent company"
223,1124,"1. Parent company"
223,1125,"1. Parent company"
223,1126,"1. Parent company"
223,1127,"3. Factuuradres"
223,1127,"1. Parent company"
223,1128,"1. Parent company"
181,1131,Reservations
286,1141,C. Traveller
197,1144,C. Traveller
758,1144,C. Traveller
197,1145,"3. Factuuradres"
197,1145,"1. Parent company"
197,1146,C. Traveller
197,1147,"1. Parent company"
214,1148,"1. Parent company"
214,1149,"3. Factuuradres"
214,1149,"1. Parent company"
214,1150,"1. Parent company"
214,1154,"1. Parent company"
214,1155,"3. Factuuradres"
214,1155,"1. Parent company"
214,1156,"3. Factuuradres"
214,1156,"1. Parent company"
214,1157,ii. Hotel
214,1157,"1. Parent company"
214,1158,"1. Parent company"
214,1159,"1. Parent company"
214,1160,"1. Parent company"
214,1161,"3. Factuuradres"
214,1161,ii. Hotel
214,1161,"1. Parent company"
214,1162,Reservations
197,1163,"1. Parent company"
197,1164,Owner
1166,1167,"1. Parent company"
301,1171,"3. Factuuradres"
301,1171,"1. Parent company"
301,1171,i. Hotel Chain
297,1172,"1. Parent company"
284,1173,"1. Parent company"
189,1174,"3. Factuuradres"
189,1174,"1. Parent company"
291,1179,Banquet Sales
174,1180,"1. Parent company"
219,1181,"1. Parent company"
219,1182,"1. Parent company"
219,1183,"3. Factuuradres"
219,1183,"1. Parent company"
219,1184,"3. Factuuradres"
219,1184,"1. Parent company"
219,1184,Reservations
219,1185,"1. Parent company"
219,1186,"3. Factuuradres"
219,1186,"1. Parent company"
219,1186,i. Hotel Chain
98,1189,"3. Factuuradres"
98,1189,"1. Parent company"
214,1190,"3. Factuuradres"
214,1190,"1. Parent company"
214,1191,"3. Factuuradres"
214,1191,"1. Parent company"
214,1192,"1. Parent company"
214,1193,"1. Parent company"
289,1195,"1. Parent company"
853,1196,"1. Parent company"
853,1197,"1. Parent company"
853,1198,"1. Parent company"
853,1199,"3. Factuuradres"
853,1199,"1. Parent company"
310,1200,"1. Parent company"
738,1201,"1. Parent company"
1202,1203,"1. Parent company"
1050,1204,"3. Factuuradres"
1050,1204,"1. Parent company"
1050,1205,Owner
1206,1207,"1. Parent company"
1208,1210,"1. Parent company"
308,1212,"1. Parent company"
1214,1213,"1. Parent company"
1757,1214,"1. Parent company"
1214,1215,"1. Parent company"
853,1216,"3. Factuuradres"
853,1216,"1. Parent company"
1115,1217,"3. Factuuradres"
1115,1217,"1. Parent company"
1115,1218,"1. Parent company"
1220,1221,"1. Parent company"
302,1222,"1. Parent company"
227,1223,"1. Parent company"
227,1224,"3. Factuuradres"
227,1224,"1. Parent company"
227,1225,"1. Parent company"
227,1226,"1. Parent company"
227,1227,"1. Parent company"
227,1228,"3. Factuuradres"
227,1228,"1. Parent company"
227,1229,"1. Parent company"
227,1230,Banquet Sales
227,1230,Sales Manager
210,1231,"3. Factuuradres"
210,1231,"1. Parent company"
158,1233,"1. Parent company"
98,1234,"1. Parent company"
291,1235,"1. Parent company"
71,1237,"1. Parent company"
71,1238,"1. Parent company"
71,1239,"1. Parent company"
71,1240,"1. Parent company"
71,1241,"3. Factuuradres"
71,1241,"1. Parent company"
218,1242,"1. Parent company"
163,1243,"1. Parent company"
267,1244,"1. Parent company"
267,1245,"3. Factuuradres"
267,1245,"1. Parent company"
1220,1246,General Manager
297,1247,"1. Parent company"
1250,1251,"1. Parent company"
249,1253,"1. Parent company"
249,1254,"1. Parent company"
240,1256,"1. Parent company"
1049,1259,"1. Parent company"
1257,1260,"1. Parent company"
1262,1263,"3. Factuuradres"
1262,1263,"1. Parent company"
223,1264,"1. Parent company"
1265,1266,"3. Factuuradres"
1265,1266,B. Booker
1265,1266,D. Personal Assistant
1265,1266,"1. Parent company"
1267,1268,Sales Manager
1267,1269,"1. Parent company"
299,1270,"3. Factuuradres"
299,1270,C. Traveller
299,1270,B. Booker
299,1270,"1. Parent company"
230,1271,"1. Parent company"
71,1273,"1. Parent company"
155,1275,"1. Parent company"
1276,1277,"1. Parent company"
1276,1278,"1. Parent company"
4428,1278,"1. Parent company"
218,1279,"1. Parent company"
218,1280,"1. Parent company"
1282,1283,"1. Parent company"
1284,1285,"1. Parent company"
238,1286,"1. Parent company"
289,1289,"1. Parent company"
221,1290,"1. Parent company"
1282,1291,i. Hotel Chain
1282,1291,Chain
1282,1292,"3. Factuuradres"
1282,1292,B. Booker
1282,1292,"1. Parent company"
1293,1294,"1. Parent company"
184,1295,Sales Manager
1296,1297,"1. Parent company"
290,1298,"1. Parent company"
190,1299,"1. Parent company"
190,1300,"1. Parent company"
249,1301,"3. Factuuradres"
249,1301,"1. Parent company"
249,1301,i. Hotel Chain
307,1303,"3. Factuuradres"
307,1303,"1. Parent company"
240,1304,"1. Parent company"
1282,1305,"3. Factuuradres"
1282,1305,"1. Parent company"
1282,1305,Sales Manager
221,1307,"1. Parent company"
661,1308,"1. Parent company"
1309,1310,"1. Parent company"
1311,1312,"1. Parent company"
97,1313,"1. Parent company"
218,1314,"1. Parent company"
1166,1316,"1. Parent company"
190,1317,"1. Parent company"
302,1318,"1. Parent company"
3043,1318,"1. Parent company"
1250,1319,"1. Parent company"
1250,1319,Reservations
1321,1320,"3. Factuuradres"
1321,1320,D. Personal Assistant
1321,1320,"1. Parent company"
1322,1321,"1. Parent company"
301,1323,"1. Parent company"
301,1324,"1. Parent company"
1322,1325,"3. Factuuradres"
1322,1325,"1. Parent company"
1322,1326,"1. Parent company"
1322,1329,"3. Factuuradres"
1322,1329,"1. Parent company"
1322,1330,"3. Factuuradres"
1322,1330,"1. Parent company"
1322,1331,"3. Factuuradres"
1322,1331,"1. Parent company"
1322,1332,"3. Factuuradres"
1322,1332,"1. Parent company"
1322,1333,"3. Factuuradres"
1322,1333,"1. Parent company"
285,1334,"1. Parent company"
1322,1335,"3. Factuuradres"
1322,1335,"1. Parent company"
1322,1336,"1. Parent company"
1337,1338,"1. Parent company"
1322,1340,General Manager
1342,1343,iv. Restaurant
98,1345,"3. Factuuradres"
98,1345,"1. Parent company"
1341,1346,"1. Parent company"
300,1347,"1. Parent company"
1347,1348,"1. Parent company"
148,1349,"1. Parent company"
91,1350,"1. Parent company"
91,1351,"1. Parent company"
91,1352,"1. Parent company"
91,1353,"1. Parent company"
91,1354,"3. Factuuradres"
91,1354,"1. Parent company"
1357,1358,Reservations
1360,1361,Owner
1050,1362,"1. Parent company"
1356,1363,"1. Parent company"
1365,1366,"1. Parent company"
1356,1368,"1. Parent company"
1049,1370,"1. Parent company"
223,1371,"1. Parent company"
289,1372,"1. Parent company"
234,1373,"1. Parent company"
1374,1375,"1. Parent company"
300,1376,"1. Parent company"
234,1377,"1. Parent company"
1220,1378,"3. Factuuradres"
1220,1378,ii. Hotel
1220,1378,"1. Parent company"
1220,1378,i. Hotel Chain
1220,1379,"1. Parent company"
1049,1380,"3. Factuuradres"
1049,1380,"1. Parent company"
1049,1381,"1. Parent company"
1049,1383,"1. Parent company"
1386,1387,"1. Parent company"
1388,1389,"3. Factuuradres"
1388,1389,"1. Parent company"
536,1390,"3. Factuuradres"
536,1390,"1. Parent company"
249,1391,"1. Parent company"
249,1392,"1. Parent company"
249,1393,"1. Parent company"
536,1396,"1. Parent company"
249,1398,"1. Parent company"
116,1400,"1. Parent company"
116,1401,"1. Parent company"
116,1402,"3. Factuuradres"
116,1402,"1. Parent company"
1322,1403,"1. Parent company"
1404,1405,"1. Parent company"
158,1407,ii. Hotel
158,1407,Chain
1408,1409,"1. Parent company"
308,1411,C. Traveller
1411,1412,"1. Parent company"
1414,1415,"1. Parent company"
1415,1416,"1. Parent company"
286,1418,"1. Parent company"
155,1420,"1. Parent company"
1422,1423,"3. Factuuradres"
1422,1423,"1. Parent company"
1422,1423,i. Hotel Chain
854,1424,Sales Manager
189,1425,"1. Parent company"
1426,1427,"1. Parent company"
1426,1428,"1. Parent company"
1426,1429,"1. Parent company"
1426,1430,"1. Parent company"
1426,1431,"1. Parent company"
223,1432,"1. Parent company"
227,1433,"1. Parent company"
163,1434,"1. Parent company"
163,1435,"1. Parent company"
267,1436,"1. Parent company"
267,1437,"3. Factuuradres"
267,1437,"1. Parent company"
1438,1439,"1. Parent company"
1440,1441,"1. Parent company"
174,1442,"1. Parent company"
174,1443,"1. Parent company"
1282,1447,"3. Factuuradres"
1282,1447,Finance
1282,1448,"1. Parent company"
68,1449,"1. Parent company"
184,1451,"1. Parent company"
291,1452,"1. Parent company"
234,1454,"1. Parent company"
1220,1457,"3. Factuuradres"
1220,1457,"1. Parent company"
426,1458,"1. Parent company"
1166,1459,"3. Factuuradres"
1166,1459,i. Hotel Chain
174,1460,"1. Parent company"
178,1461,"1. Parent company"
178,1462,Reservations
218,1463,ii. Hotel
218,1463,Chain
291,1465,"1. Parent company"
148,1466,"1. Parent company"
705,1467,"1. Parent company"
1470,1471,"1. Parent company"
174,1472,"1. Parent company"
174,1473,iii. Vergader loc.
174,1474,ii. Hotel
218,1475,"1. Parent company"
218,1476,B. Booker
218,1476,"2. Sub company"
1477,1478,"1. Parent company"
227,1479,"1. Parent company"
227,1480,"1. Parent company"
227,1481,"1. Parent company"
227,1482,"3. Factuuradres"
227,1482,B. Booker
227,1482,"1. Parent company"
116,1483,"3. Factuuradres"
116,1483,"1. Parent company"
190,1484,"3. Factuuradres"
190,1484,"1. Parent company"
577,1485,"1. Parent company"
225,1488,Banquet Sales
225,1489,S. Activiteiten
210,1490,iv. Restaurant
225,1491,S. Activiteiten
1492,1493,iv. Restaurant
1494,1495,x. Activiteiten bureaus
1495,1496,x. Activiteiten bureaus
190,1497,iv. Restaurant
291,1498,iv. Restaurant
230,1499,"3. Factuuradres"
230,1499,"1. Parent company"
1495,1500,ii. Hotel
182,1501,ii. Hotel
182,1501,Reservations
1504,1505,viI. DMC
174,1506,iii. Vergader loc.
1507,1508,S. Activiteiten
1509,1510,Banquet Sales
580,1511,Banquet Sales
1512,1513,ii. Hotel
1514,1515,Banquet Sales
220,1516,S. Activiteiten
1517,1518,"1. Parent company"
1520,1521,"1. Parent company"
1220,1522,"3. Factuuradres"
1220,1522,B. Booker
1220,1522,"1. Parent company"
1220,1523,"1. Parent company"
1220,1524,"1. Parent company"
1527,1528,"3. Factuuradres"
1527,1528,"1. Parent company"
1529,1530,"1. Parent company"
664,1531,"1. Parent company"
223,1533,"1. Parent company"
1535,1536,"1. Parent company"
230,1538,"1. Parent company"
174,1539,"3. Factuuradres"
174,1539,"1. Parent company"
174,1540,"3. Factuuradres"
174,1540,"1. Parent company"
174,1541,"1. Parent company"
174,1542,"1. Parent company"
174,1543,"1. Parent company"
1050,1544,"3. Factuuradres"
1050,1544,"1. Parent company"
174,1545,"1. Parent company"
150,1547,"1. Parent company"
150,1547,Reservations
150,1548,"1. Parent company"
150,1549,"1. Parent company"
150,1550,"1. Parent company"
150,1551,"1. Parent company"
150,1552,"1. Parent company"
150,1553,"1. Parent company"
286,1554,"1. Parent company"
235,1555,"1. Parent company"
1556,1557,"1. Parent company"
1556,1559,"3. Factuuradres"
1556,1559,B. Booker
1556,1559,"1. Parent company"
1556,1560,"3. Factuuradres"
1556,1560,"1. Parent company"
1556,1562,"1. Parent company"
1556,1563,"1. Parent company"
1567,1566,"3. Factuuradres"
1567,1566,"1. Parent company"
2737,1566,"3. Factuuradres"
2737,1566,"1. Parent company"
1487,1568,"1. Parent company"
1487,1569,"1. Parent company"
199,1570,"1. Parent company"
223,1572,"1. Parent company"
1573,1574,"1. Parent company"
174,1575,"3. Factuuradres"
174,1575,"1. Parent company"
174,1576,"1. Parent company"
190,1577,"1. Parent company"
160,1578,B. Booker
286,1579,S. Activiteiten
225,1580,"1. Parent company"
1581,1582,"1. Parent company"
3368,1583,"1. Parent company"
1583,1584,"1. Parent company"
294,1588,"3. Factuuradres"
294,1588,"1. Parent company"
1487,1589,"3. Factuuradres"
1487,1589,"1. Parent company"
1590,1591,"1. Parent company"
3136,1593,"1. Parent company"
1593,1594,"1. Parent company"
184,1595,"1. Parent company"
1565,1596,Banquet Sales
174,1598,"1. Parent company"
174,1599,Banquet Sales
174,1600,"3. Factuuradres"
174,1600,"1. Parent company"
174,1601,"1. Parent company"
289,1602,"3. Factuuradres"
289,1602,"1. Parent company"
182,1603,"1. Parent company"
289,1604,"1. Parent company"
97,1605,"1. Parent company"
654,1606,"1. Parent company"
178,1607,"1. Parent company"
178,1608,"1. Parent company"
1609,1610,"1. Parent company"
184,1611,"1. Parent company"
184,1612,"1. Parent company"
184,1613,"1. Parent company"
184,1614,"1. Parent company"
184,1615,"1. Parent company"
184,1616,"3. Factuuradres"
184,1616,"1. Parent company"
190,1620,"1. Parent company"
190,1621,"1. Parent company"
230,1622,"1. Parent company"
98,1624,"1. Parent company"
238,1626,"1. Parent company"
291,1627,"1. Parent company"
1050,1628,Banquet Sales
1629,1630,"1. Parent company"
190,1631,"1. Parent company"
227,1633,"1. Parent company"
227,1634,"1. Parent company"
465,1636,ii. Hotel
465,1636,i. Hotel Chain
1637,1638,"1. Parent company"
1581,1639,"1. Parent company"
1422,1640,"1. Parent company"
1422,1641,"1. Parent company"
1422,1642,"1. Parent company"
1422,1643,"1. Parent company"
1422,1644,"1. Parent company"
1646,1647,"1. Parent company"
1648,1649,"3. Factuuradres"
1648,1649,"1. Parent company"
1651,1652,"1. Parent company"
308,1653,"1. Parent company"
182,1654,"1. Parent company"
1581,1656,"1. Parent company"
297,1657,"1. Parent company"
1657,1658,"1. Parent company"
1581,1659,"1. Parent company"
1581,1660,"1. Parent company"
116,1661,"1. Parent company"
116,1662,"3. Factuuradres"
116,1662,"2. Sub company"
116,1663,"1. Parent company"
1525,1664,"3. Factuuradres"
1525,1664,"2. Sub company"
178,1665,"1. Parent company"
178,1666,"1. Parent company"
178,1667,"1. Parent company"
1668,1669,"1. Parent company"
1671,1672,"1. Parent company"
238,1673,"1. Parent company"
1674,1675,"1. Parent company"
1674,1676,"1. Parent company"
1674,1677,"1. Parent company"
174,1678,"1. Parent company"
190,1679,"1. Parent company"
1250,1683,"1. Parent company"
1684,1685,"1. Parent company"
1684,1686,"1. Parent company"
1347,1687,"1. Parent company"
1688,1689,"1. Parent company"
1690,1691,"1. Parent company"
1692,1693,"1. Parent company"
1694,1695,"1. Parent company"
1696,1697,"1. Parent company"
778,1700,i. Hotel Chain
778,1700,Chain
1702,1703,"3. Factuuradres"
1702,1703,"1. Parent company"
1704,1705,"1. Parent company"
1707,1706,Banquet Sales
1708,1709,"1. Parent company"
1708,1710,"1. Parent company"
1061,1711,"1. Parent company"
1715,1716,"3. Factuuradres"
1715,1716,"1. Parent company"
1717,1718,"1. Parent company"
1720,1721,"1. Parent company"
301,1722,"1. Parent company"
1637,1723,"1. Parent company"
654,1724,"3. Factuuradres"
654,1724,"1. Parent company"
1725,1726,"1. Parent company"
1727,1728,"1. Parent company"
446,1729,ii. Hotel
446,1729,i. Hotel Chain
1730,1731,"1. Parent company"
1732,1733,"1. Parent company"
174,1734,"1. Parent company"
219,1735,Owner
415,1736,"1. Parent company"
148,1738,"1. Parent company"
148,1739,"3. Factuuradres"
148,1739,"1. Parent company"
1740,1741,"1. Parent company"
1740,1742,"1. Parent company"
1740,1743,"1. Parent company"
288,1744,Reservations
1744,1745,"1. Parent company"
91,1749,Reservations
91,1750,"3. Factuuradres"
91,1750,"1. Parent company"
148,1752,"1. Parent company"
148,1753,"3. Factuuradres"
148,1753,"1. Parent company"
91,1754,"1. Parent company"
190,1755,"1. Parent company"
1422,1759,"1. Parent company"
174,1761,"1. Parent company"
158,1762,"1. Parent company"
238,1767,"1. Parent company"
184,1769,"1. Parent company"
116,1774,ii. Hotel
116,1774,i. Hotel Chain
191,1776,ii. Hotel
191,1776,i. Hotel Chain
306,1778,"1. Parent company"
190,1780,"1. Parent company"
174,1782,"1. Parent company"
174,1783,i. Hotel Chain
174,1783,Chain
223,1784,"1. Parent company"
1525,1785,"1. Parent company"
1165,1786,"1. Parent company"
1165,1787,"1. Parent company"
218,1788,"1. Parent company"
3728,1790,Chain
3728,1790,Hotelname
174,1791,"1. Parent company"
286,1792,"1. Parent company"
1793,1794,"1. Parent company"
291,1795,"1. Parent company"
1049,1797,"1. Parent company"
1049,1798,Sales Manager
1049,1799,"1. Parent company"
1049,1800,"1. Parent company"
1801,1802,ii. Hotel
1801,1802,Chain
225,1804,ii. Hotel
182,1808,Chain
182,1808,Hotelname
91,1809,"1. Parent company"
91,1810,"1. Parent company"
91,1811,"1. Parent company"
1220,1812,"1. Parent company"
220,1813,"3. Factuuradres"
220,1813,"1. Parent company"
1814,1815,"1. Parent company"
1814,1816,"1. Parent company"
1820,1821,Chain
1820,1821,Hotelname
220,1822,"1. Parent company"
220,1825,"1. Parent company"
1220,1826,Banquet Sales
1220,1826,Sales Manager
1581,1827,Sales Manager
1061,1828,"1. Parent company"
220,1829,"1. Parent company"
220,1830,Chain
220,1830,Hotelname
1834,1835,Chain
1834,1835,Hotelname
1834,1836,Banquet Sales
1834,1836,Chain
190,1837,"1. Parent company"
174,1838,"1. Parent company"
1422,1840,"1. Parent company"
701,1841,"1. Parent company"
284,1842,"1. Parent company"
233,1843,"1. Parent company"
563,1845,"1. Parent company"
220,1848,"1. Parent company"
1849,1850,"1. Parent company"
220,1851,"1. Parent company"
219,1852,"1. Parent company"
219,1853,"1. Parent company"
219,1854,"1. Parent company"
219,1855,"1. Parent company"
219,1856,"1. Parent company"
219,1857,"3. Factuuradres"
219,1857,"1. Parent company"
219,1858,"1. Parent company"
184,1859,"1. Parent company"
184,1860,"1. Parent company"
184,1861,"1. Parent company"
184,1862,"1. Parent company"
1220,1866,"1. Parent company"
218,1867,"1. Parent company"
761,1868,"1. Parent company"
787,1870,"1. Parent company"
787,1871,"1. Parent company"
787,1872,"1. Parent company"
787,1873,"1. Parent company"
787,1874,"1. Parent company"
787,1875,"1. Parent company"
787,1876,"1. Parent company"
787,1877,"1. Parent company"
368,1878,"1. Parent company"
480,1879,"1. Parent company"
163,1880,"1. Parent company"
163,1881,"1. Parent company"
1834,1883,"1. Parent company"
1834,1884,"1. Parent company"
220,1885,"1. Parent company"
1886,1887,"1. Parent company"
1220,1888,"1. Parent company"
190,1889,"1. Parent company"
1492,1890,"1. Parent company"
1492,1891,"3. Factuuradres"
1492,1891,"1. Parent company"
1492,1892,"1. Parent company"
1049,1893,"1. Parent company"
227,1894,"1. Parent company"
227,1895,"1. Parent company"
227,1896,"1. Parent company"
1897,1898,"1. Parent company"
1487,1900,"1. Parent company"
158,1901,"3. Factuuradres"
158,1901,"1. Parent company"
1904,1905,"1. Parent company"
1581,1906,"1. Parent company"
1581,1907,"3. Factuuradres"
1581,1907,"1. Parent company"
1220,1908,"3. Factuuradres"
1220,1908,"1. Parent company"
1909,1910,"3. Factuuradres"
1909,1910,"1. Parent company"
191,1911,"1. Parent company"
191,1912,"1. Parent company"
191,1913,"1. Parent company"
191,1914,"1. Parent company"
190,1915,"1. Parent company"
218,1916,"1. Parent company"
1049,1917,"1. Parent company"
184,1919,"1. Parent company"
190,1922,"1. Parent company"
1921,1923,"1. Parent company"
190,1924,"1. Parent company"
163,1926,"1. Parent company"
1426,1927,"1. Parent company"
1426,1928,"1. Parent company"
1426,1929,"3. Factuuradres"
1426,1929,"1. Parent company"
1525,1930,"1. Parent company"
1931,1932,"1. Parent company"
1933,1934,"1. Parent company"
1936,1937,"1. Parent company"
1220,1938,"1. Parent company"
220,1939,"1. Parent company"
1940,1941,"1. Parent company"
218,1942,"1. Parent company"
210,1946,"1. Parent company"
190,1948,"1. Parent company"
178,1950,"1. Parent company"
1049,1951,"1. Parent company"
1049,1952,"1. Parent company"
1049,1953,"1. Parent company"
1049,1954,"1. Parent company"
1049,1955,"3. Factuuradres"
1049,1955,"1. Parent company"
1049,1955,Chain
1049,1956,"1. Parent company"
1049,1957,"1. Parent company"
1049,1958,"3. Factuuradres"
1049,1958,"1. Parent company"
1049,1958,Chain
1049,1958,Hotelname
218,1959,"3. Factuuradres"
218,1959,"1. Parent company"
1960,1961,"1. Parent company"
1960,1962,"1. Parent company"
1960,1963,"1. Parent company"
1960,1964,"1. Parent company"
1965,1966,"1. Parent company"
1965,1967,"1. Parent company"
1529,1968,"1. Parent company"
1220,1969,"1. Parent company"
1581,1970,Chain
1581,1970,Hotelname
1581,1971,"3. Factuuradres"
1581,1971,"1. Parent company"
1581,1972,"1. Parent company"
1834,1974,"1. Parent company"
289,1977,"1. Parent company"
235,1979,"1. Parent company"
1983,1984,"1. Parent company"
1983,1985,"1. Parent company"
4382,1986,"1. Parent company"
289,1987,"1. Parent company"
238,1988,"1. Parent company"
230,1989,"1. Parent company"
1115,1991,"1. Parent company"
1250,1992,"1. Parent company"
291,1994,"1. Parent company"
233,1998,"1. Parent company"
289,1999,"1. Parent company"
1999,2000,"1. Parent company"
2001,2002,"1. Parent company"
2001,2003,Chain
2001,2003,Hotelname
1220,2004,"3. Factuuradres"
1220,2004,"1. Parent company"
230,2005,"1. Parent company"
1981,2007,Chain
1981,2007,Hotelname
174,2008,"1. Parent company"
2012,2013,"1. Parent company"
190,2015,"1. Parent company"
190,2016,"1. Parent company"
190,2017,"3. Factuuradres"
190,2017,"1. Parent company"
2018,2019,"1. Parent company"
159,2021,"1. Parent company"
159,2022,"1. Parent company"
2023,2024,"1. Parent company"
2025,2026,"3. Factuuradres"
2025,2026,"1. Parent company"
2029,2030,"1. Parent company"
2029,2031,"1. Parent company"
2029,2032,"1. Parent company"
2029,2033,"1. Parent company"
2029,2034,"1. Parent company"
2029,2035,"1. Parent company"
2029,2036,"1. Parent company"
2029,2037,"1. Parent company"
2029,2038,"1. Parent company"
2029,2039,"1. Parent company"
2029,2040,"1. Parent company"
2029,2041,"3. Factuuradres"
2029,2041,"1. Parent company"
2029,2042,"1. Parent company"
2029,2043,"1. Parent company"
190,2044,"1. Parent company"
190,2045,"1. Parent company"
190,2046,"1. Parent company"
190,2047,"1. Parent company"
190,2048,"1. Parent company"
190,2049,"3. Factuuradres"
190,2049,"1. Parent company"
1220,2050,"1. Parent company"
1220,2051,"1. Parent company"
286,2052,"1. Parent company"
286,2053,"1. Parent company"
220,2054,"1. Parent company"
289,2055,"1. Parent company"
2055,2056,"1. Parent company"
1422,2057,"1. Parent company"
158,2058,"1. Parent company"
1250,2060,"1. Parent company"
291,2061,"3. Factuuradres"
291,2061,"1. Parent company"
220,2065,"1. Parent company"
289,2066,"1. Parent company"
2066,2067,"1. Parent company"
1220,2068,"1. Parent company"
1220,2069,"1. Parent company"
299,2070,"3. Factuuradres"
299,2070,"1. Parent company"
2070,2071,"1. Parent company"
174,2072,"1. Parent company"
1250,2073,"1. Parent company"
1525,2075,"1. Parent company"
1525,2076,"1. Parent company"
1525,2077,"1. Parent company"
1293,2078,"1. Parent company"
206,2079,"1. Parent company"
290,2080,"1. Parent company"
1220,2081,"1. Parent company"
289,2082,"1. Parent company"
2082,2083,"1. Parent company"
230,2084,"1. Parent company"
223,2085,"1. Parent company"
2086,2087,"3. Factuuradres"
2086,2087,"1. Parent company"
1220,2088,"1. Parent company"
239,2089,"1. Parent company"
2090,2091,ii. Hotel
2090,2091,i. Hotel Chain
247,2092,"1. Parent company"
2093,2094,ii. Hotel
2093,2094,i. Hotel Chain
2093,2095,"1. Parent company"
2093,2096,"1. Parent company"
289,2097,"1. Parent company"
289,2098,"1. Parent company"
291,2099,"1. Parent company"
2099,2100,"1. Parent company"
174,2101,"1. Parent company"
191,2102,"1. Parent company"
2103,2104,Banquet Sales
174,2105,ii. Hotel
296,2107,"1. Parent company"
174,2110,"1. Parent company"
174,2111,"1. Parent company"
308,2112,"3. Factuuradres"
308,2112,"1. Parent company"
1422,2113,"1. Parent company"
1422,2114,"3. Factuuradres"
1422,2114,"1. Parent company"
159,2115,"1. Parent company"
159,2116,"1. Parent company"
210,2123,"1. Parent company"
210,2124,"3. Factuuradres"
210,2124,"1. Parent company"
2125,2126,"1. Parent company"
1525,2127,"1. Parent company"
853,2129,"1. Parent company"
853,2130,ii. Hotel
853,2130,i. Hotel Chain
206,2132,"1. Parent company"
1525,2133,"1. Parent company"
1220,2134,"1. Parent company"
181,2135,"1. Parent company"
2139,2140,"3. Factuuradres"
2139,2140,"1. Parent company"
2139,2141,ii. Hotel
1250,2145,"1. Parent company"
219,2146,"1. Parent company"
225,2147,"3. Factuuradres"
225,2147,"1. Parent company"
182,2149,"3. Factuuradres"
182,2149,"1. Parent company"
182,2150,"1. Parent company"
182,2151,"1. Parent company"
191,2153,"1. Parent company"
2155,2157,"1. Parent company"
2155,2158,"1. Parent company"
2155,2159,"1. Parent company"
2155,2160,"1. Parent company"
230,2161,"1. Parent company"
230,2162,"1. Parent company"
230,2163,"1. Parent company"
230,2164,"1. Parent company"
2155,2165,"1. Parent company"
218,2167,"1. Parent company"
218,2168,"1. Parent company"
220,2176,"1. Parent company"
1581,2177,"1. Parent company"
1581,2178,"1. Parent company"
1581,2179,"1. Parent company"
1220,2182,"1. Parent company"
1267,2184,"1. Parent company"
1267,2185,"1. Parent company"
1267,2186,"1. Parent company"
1814,2188,"1. Parent company"
191,2189,"1. Parent company"
191,2190,"1. Parent company"
220,2194,"1. Parent company"
220,2195,"1. Parent company"
230,2196,"1. Parent company"
1525,2197,"1. Parent company"
2155,2198,"1. Parent company"
2155,2199,"1. Parent company"
2155,2200,"1. Parent company"
220,2201,"1. Parent company"
220,2202,"1. Parent company"
1049,2204,"1. Parent company"
2205,2206,"1. Parent company"
1422,2208,"3. Factuuradres"
1422,2208,"1. Parent company"
116,2210,"1. Parent company"
116,2211,"3. Factuuradres"
116,2211,"1. Parent company"
91,2212,"1. Parent company"
91,2213,"1. Parent company"
91,2214,"3. Factuuradres"
91,2214,"1. Parent company"
91,2215,"1. Parent company"
91,2216,"3. Factuuradres"
91,2216,"1. Parent company"
2217,2218,"3. Factuuradres"
2217,2218,"1. Parent company"
2217,2219,"1. Parent company"
2217,2220,Reservations
2217,2221,ii. Hotel
2217,2222,"1. Parent company"
220,2226,"1. Parent company"
2227,2228,"1. Parent company"
2227,2229,Banquet Sales
2227,2230,"1. Parent company"
2227,2231,"1. Parent company"
2227,2232,"1. Parent company"
2227,2233,"1. Parent company"
2227,2234,"1. Parent company"
2227,2235,"1. Parent company"
2227,2236,Sales Manager
2227,2237,"3. Factuuradres"
2227,2237,"1. Parent company"
2227,2238,"1. Parent company"
2227,2239,"3. Factuuradres"
2227,2239,"1. Parent company"
2227,2240,"1. Parent company"
235,2242,"1. Parent company"
2227,2243,"1. Parent company"
2227,2244,"1. Parent company"
2227,2245,"1. Parent company"
174,2246,"1. Parent company"
233,2249,"1. Parent company"
218,2251,"1. Parent company"
233,2254,"1. Parent company"
1525,2255,"1. Parent company"
1525,2256,"1. Parent company"
174,2258,"1. Parent company"
174,2259,"1. Parent company"
174,2260,"3. Factuuradres"
174,2260,"1. Parent company"
174,2261,"1. Parent company"
233,2262,"1. Parent company"
174,2263,"1. Parent company"
174,2264,"1. Parent company"
1581,2265,"1. Parent company"
1581,2266,"1. Parent company"
1581,2267,"1. Parent company"
1581,2268,"1. Parent company"
1581,2269,"1. Parent company"
1581,2270,"1. Parent company"
1581,2271,"1. Parent company"
1581,2272,"1. Parent company"
1581,2273,"3. Factuuradres"
1581,2273,"1. Parent company"
1581,2274,"1. Parent company"
174,2275,"1. Parent company"
174,2276,"3. Factuuradres"
174,2276,"1. Parent company"
291,2277,"1. Parent company"
1422,2278,"1. Parent company"
289,2279,"1. Parent company"
2279,2280,"1. Parent company"
2282,2283,"1. Parent company"
2282,2284,"1. Parent company"
2282,2285,"1. Parent company"
2282,2286,"1. Parent company"
206,2288,"3. Factuuradres"
206,2288,"1. Parent company"
206,2289,"1. Parent company"
225,2290,"1. Parent company"
116,2291,"1. Parent company"
1220,2294,"1. Parent company"
116,2295,"1. Parent company"
308,2296,"1. Parent company"
2297,2298,"1. Parent company"
2297,2299,"1. Parent company"
2297,2300,"3. Factuuradres"
2297,2300,"1. Parent company"
2297,2301,"1. Parent company"
2297,2302,"3. Factuuradres"
2297,2302,"1. Parent company"
227,2304,"1. Parent company"
227,2305,"1. Parent company"
227,2306,"1. Parent company"
853,2307,"1. Parent company"
853,2308,"1. Parent company"
853,2309,"1. Parent company"
853,2310,"3. Factuuradres"
853,2310,"1. Parent company"
853,2312,"3. Factuuradres"
853,2312,"1. Parent company"
2217,2313,"1. Parent company"
2217,2314,"1. Parent company"
1960,2315,"1. Parent company"
1960,2316,"3. Factuuradres"
1960,2316,"1. Parent company"
1960,2317,"1. Parent company"
1960,2318,"1. Parent company"
1960,2319,"1. Parent company"
1960,2320,"1. Parent company"
1960,2321,"3. Factuuradres"
1960,2321,"1. Parent company"
227,2326,"1. Parent company"
1220,2327,"1. Parent company"
174,2328,"1. Parent company"
1775,2329,"1. Parent company"
308,2335,ii. Hotel
308,2335,Chain
308,2335,Hotelname
2335,2336,"3. Factuuradres"
2335,2336,"1. Parent company"
2337,2338,"1. Parent company"
2337,2339,"1. Parent company"
286,2340,"1. Parent company"
190,2341,"1. Parent company"
170,2342,"1. Parent company"
1214,2343,"1. Parent company"
2155,2344,Sales Manager
2155,2345,"1. Parent company"
190,2346,"1. Parent company"
190,2347,ii. Hotel
190,2347,Chain
190,2347,Hotelname
158,2349,"1. Parent company"
158,2350,"1. Parent company"
174,2353,"1. Parent company"
227,2355,"1. Parent company"
2356,2357,"1. Parent company"
184,2358,"1. Parent company"
260,2361,"1. Parent company"
116,2362,"1. Parent company"
116,2363,"1. Parent company"
174,2365,"1. Parent company"
1422,2367,"1. Parent company"
219,2370,Reservations
2155,2372,ii. Hotel
2155,2372,i. Hotel Chain
1220,2374,"3. Factuuradres"
1220,2374,"1. Parent company"
3136,2375,"1. Parent company"
184,2376,"1. Parent company"
184,2377,"1. Parent company"
1250,2379,"1. Parent company"
91,2380,"1. Parent company"
91,2382,"1. Parent company"
91,2383,"1. Parent company"
2384,2385,"1. Parent company"
238,2387,"3. Factuuradres"
238,2387,"1. Parent company"
2388,2390,"1. Parent company"
2392,2393,"1. Parent company"
1525,2394,"3. Factuuradres"
1525,2394,"1. Parent company"
218,2395,"1. Parent company"
220,2397,"1. Parent company"
220,2398,"1. Parent company"
158,2400,"1. Parent company"
2093,2402,"1. Parent company"
2093,2403,"1. Parent company"
2093,2404,"1. Parent company"
2093,2405,"1. Parent company"
2093,2406,"1. Parent company"
2093,2407,"1. Parent company"
2093,2408,"3. Factuuradres"
2093,2408,"1. Parent company"
2093,2409,"1. Parent company"
1492,2410,"1. Parent company"
291,2412,"1. Parent company"
2412,2413,"1. Parent company"
1211,2415,"1. Parent company"
225,2416,"1. Parent company"
98,2420,"1. Parent company"
98,2421,"3. Factuuradres"
98,2421,"1. Parent company"
98,2422,"1. Parent company"
98,2423,"1. Parent company"
189,2425,"1. Parent company"
227,2427,"1. Parent company"
225,2429,"3. Factuuradres"
225,2429,"1. Parent company"
225,2430,"1. Parent company"
225,2431,"3. Factuuradres"
225,2431,"1. Parent company"
225,2432,"1. Parent company"
225,2433,"3. Factuuradres"
225,2433,"1. Parent company"
225,2434,"1. Parent company"
225,2435,"1. Parent company"
225,2436,"1. Parent company"
225,2437,ii. Hotel
225,2437,i. Hotel Chain
225,2438,"3. Factuuradres"
225,2438,"1. Parent company"
225,2439,"1. Parent company"
1165,2440,"1. Parent company"
1165,2441,"1. Parent company"
2442,2443,"1. Parent company"
2445,2446,"1. Parent company"
2445,2448,"1. Parent company"
299,2449,"1. Parent company"
2451,2452,"1. Parent company"
289,2453,"1. Parent company"
2453,2454,"1. Parent company"
2455,2456,"1. Parent company"
1050,2459,"3. Factuuradres"
1050,2459,"1. Parent company"
1050,2460,"1. Parent company"
1050,2461,"1. Parent company"
1050,2462,"1. Parent company"
1050,2463,"1. Parent company"
1050,2464,"1. Parent company"
1050,2465,"1. Parent company"
1050,2466,"1. Parent company"
1247,2467,"1. Parent company"
286,2469,"1. Parent company"
1050,2470,"1. Parent company"
1050,2471,"1. Parent company"
2473,2474,"1. Parent company"
2473,2475,Chain
2473,2475,Hotelname
199,2477,"1. Parent company"
98,2481,"3. Factuuradres"
98,2481,"1. Parent company"
98,2482,"1. Parent company"
98,2483,"1. Parent company"
98,2484,"1. Parent company"
225,2487,"3. Factuuradres"
225,2487,"1. Parent company"
853,2489,"1. Parent company"
3136,2490,"1. Parent company"
227,2491,"1. Parent company"
2494,2495,"1. Parent company"
2494,2496,Chain
2494,2496,Hotelname
2494,2497,"1. Parent company"
174,2498,"3. Factuuradres"
174,2498,"1. Parent company"
291,2500,Chain
291,2500,Hotelname
1049,2501,"1. Parent company"
1049,2502,Chain
1049,2502,Hotelname
1049,2503,"1. Parent company"
1049,2504,"1. Parent company"
230,2505,"3. Factuuradres"
230,2505,"1. Parent company"
174,2507,Chain
174,2507,Hotelname
2155,2508,"1. Parent company"
2155,2509,"1. Parent company"
2155,2510,"1. Parent company"
308,2512,"1. Parent company"
2511,2513,"1. Parent company"
190,2516,"1. Parent company"
2517,2518,"1. Parent company"
2494,2519,"1. Parent company"
2521,2522,"1. Parent company"
2523,2524,"1. Parent company"
2012,2525,"1. Parent company"
191,2526,"1. Parent company"
2155,2528,"1. Parent company"
2155,2529,"1. Parent company"
2530,2531,"1. Parent company"
232,2533,"3. Factuuradres"
232,2533,"1. Parent company"
232,2534,"1. Parent company"
232,2535,"1. Parent company"
71,2536,"1. Parent company"
71,2537,"1. Parent company"
71,2538,"1. Parent company"
91,2539,B. Booker
91,2540,"1. Parent company"
91,2541,"1. Parent company"
116,2542,Sales Manager
116,2542,Chain
116,2543,"3. Factuuradres"
116,2543,"1. Parent company"
116,2544,"1. Parent company"
1049,2545,"1. Parent company"
148,2546,"3. Factuuradres"
148,2546,"1. Parent company"
148,2547,"1. Parent company"
1220,2549,"1. Parent company"
1220,2550,"1. Parent company"
2155,2552,"1. Parent company"
2155,2553,"1. Parent company"
225,2554,"1. Parent company"
225,2555,"1. Parent company"
225,2556,"1. Parent company"
225,2557,"1. Parent company"
232,2558,"1. Parent company"
2559,2560,"1. Parent company"
2514,2562,"1. Parent company"
2563,2564,"3. Factuuradres"
2563,2564,Finance
225,2566,"1. Parent company"
225,2567,"3. Factuuradres"
225,2567,"1. Parent company"
225,2568,"1. Parent company"
225,2569,"1. Parent company"
225,2570,"1. Parent company"
225,2571,"1. Parent company"
225,2572,"1. Parent company"
2573,2574,"1. Parent company"
1220,2575,"1. Parent company"
1220,2576,"1. Parent company"
181,2577,"1. Parent company"
2155,2578,"1. Parent company"
190,2580,"1. Parent company"
2523,2581,"1. Parent company"
2582,2583,"1. Parent company"
1250,2584,"1. Parent company"
2494,2585,"3. Factuuradres"
2494,2585,"1. Parent company"
2155,2586,"1. Parent company"
2155,2587,"1. Parent company"
2155,2588,"3. Factuuradres"
2155,2588,"1. Parent company"
290,2589,"1. Parent company"
2445,2595,"1. Parent company"
1220,2596,"1. Parent company"
2597,2598,"1. Parent company"
174,2600,"1. Parent company"
2601,2602,"3. Factuuradres"
2601,2602,"1. Parent company"
174,2606,ii. Hotel
174,2606,i. Hotel Chain
2607,2608,"1. Parent company"
1042,2609,"1. Parent company"
2609,2610,"1. Parent company"
808,2611,"1. Parent company"
808,2612,"1. Parent company"
1220,2613,"1. Parent company"
199,2616,"1. Parent company"
199,2617,"1. Parent company"
206,2619,"1. Parent company"
206,2620,"1. Parent company"
623,2621,ii. Hotel
623,2621,i. Hotel Chain
184,2623,ii. Hotel
184,2623,i. Hotel Chain
184,2624,"1. Parent company"
158,2625,"1. Parent company"
206,2627,"1. Parent company"
206,2628,"1. Parent company"
1426,2629,"3. Factuuradres"
1426,2629,"1. Parent company"
643,2630,"1. Parent company"
1049,2632,i. Hotel Chain
1049,2632,Hotelname
2633,2634,i. Hotel Chain
2633,2634,Hotelname
190,2636,i. Hotel Chain
190,2636,Hotelname
2494,2637,"3. Factuuradres"
2494,2637,"1. Parent company"
2494,2638,"1. Parent company"
225,2639,"1. Parent company"
206,2644,"1. Parent company"
206,2645,C. Traveller
206,2645,"1. Parent company"
206,2646,C. Traveller
206,2646,"1. Parent company"
206,2647,C. Traveller
206,2647,"1. Parent company"
206,2648,"1. Parent company"
291,2649,"1. Parent company"
2649,2650,"1. Parent company"
233,2651,"1. Parent company"
2653,2654,"1. Parent company"
135,2655,"1. Parent company"
289,2656,"3. Factuuradres"
289,2656,"1. Parent company"
2656,2657,"1. Parent company"
184,2658,"1. Parent company"
2155,2660,"1. Parent company"
2661,2662,i. Hotel Chain
2661,2662,Hotelname
2661,2663,"1. Parent company"
2661,2664,"3. Factuuradres"
2661,2664,"1. Parent company"
2661,2665,"1. Parent company"
2661,2666,Sales Manager
2661,2667,"1. Parent company"
2661,2668,"1. Parent company"
190,2669,"1. Parent company"
2514,2670,"1. Parent company"
2523,2671,"1. Parent company"
1775,2674,"1. Parent company"
1775,2675,"1. Parent company"
184,2677,"1. Parent company"
2678,2679,"1. Parent company"
1492,2681,"1. Parent company"
3136,2682,"1. Parent company"
184,2683,"3. Factuuradres"
184,2683,"1. Parent company"
1220,2686,"3. Factuuradres"
1220,2686,"1. Parent company"
174,2688,"3. Factuuradres"
174,2688,"1. Parent company"
1581,2689,"1. Parent company"
2633,2690,"1. Parent company"
2633,2692,"1. Parent company"
2155,2693,"1. Parent company"
116,2694,"1. Parent company"
230,2695,"1. Parent company"
174,2696,"1. Parent company"
2698,2699,"1. Parent company"
210,2700,"1. Parent company"
96,2701,"1. Parent company"
291,2702,"1. Parent company"
1426,2703,i. Hotel Chain
1426,2703,Hotelname
2601,2705,"1. Parent company"
1220,2706,Chain
1220,2706,Hotelname
1220,2707,"1. Parent company"
1220,2708,"1. Parent company"
1581,2711,Chain
1581,2711,Hotelname
116,2712,"1. Parent company"
174,2714,"1. Parent company"
1050,2717,"1. Parent company"
1050,2718,"1. Parent company"
97,2719,"1. Parent company"
97,2720,"1. Parent company"
190,2721,"3. Factuuradres"
190,2721,"1. Parent company"
190,2722,"1. Parent company"
206,2727,"1. Parent company"
2494,2729,"1. Parent company"
2494,2730,"1. Parent company"
98,2733,Sales Manager
98,2734,"1. Parent company"
98,2735,"1. Parent company"
98,2736,"1. Parent company"
2737,2738,"1. Parent company"
2737,2739,"1. Parent company"
2737,2740,"1. Parent company"
2737,2741,"1. Parent company"
2737,2742,"1. Parent company"
2737,2743,"1. Parent company"
2737,2744,"1. Parent company"
2737,2745,"1. Parent company"
116,2748,"1. Parent company"
116,2749,"1. Parent company"
853,2750,"1. Parent company"
853,2751,Chain
853,2751,Hotelname
1061,2752,"1. Parent company"
2155,2754,"1. Parent company"
2155,2755,"1. Parent company"
191,2756,Chain
191,2756,Hotelname
2757,2758,"1. Parent company"
220,2759,"1. Parent company"
220,2760,"1. Parent company"
2514,2761,"1. Parent company"
307,2762,"1. Parent company"
803,2764,"1. Parent company"
291,2765,"1. Parent company"
2765,2766,"1. Parent company"
1220,2767,"1. Parent company"
1220,2768,"1. Parent company"
1220,2769,"1. Parent company"
1220,2771,"3. Factuuradres"
1220,2771,"1. Parent company"
1220,2772,"1. Parent company"
1220,2773,"1. Parent company"
206,2775,"1. Parent company"
206,2776,"1. Parent company"
218,2777,"1. Parent company"
227,2778,"1. Parent company"
2494,2779,"1. Parent company"
2780,2781,"1. Parent company"
91,2782,"1. Parent company"
91,2783,"3. Factuuradres"
91,2783,"1. Parent company"
1165,2784,"1. Parent company"
1165,2785,"1. Parent company"
190,2787,"1. Parent company"
1165,2788,"1. Parent company"
190,2790,"1. Parent company"
190,2791,"1. Parent company"
675,2792,"3. Factuuradres"
675,2792,"1. Parent company"
675,2793,"1. Parent company"
291,2795,"1. Parent company"
1050,2796,"1. Parent company"
2799,2800,"1. Parent company"
1220,2801,Chain
1220,2801,Hotelname
2494,2803,Chain
2494,2803,Hotelname
2494,2804,"1. Parent company"
174,2805,Banquet Sales
174,2806,"3. Factuuradres"
174,2806,"1. Parent company"
116,2810,"1. Parent company"
116,2811,"3. Factuuradres"
116,2811,"1. Parent company"
116,2812,"1. Parent company"
190,2813,"1. Parent company"
174,2814,"1. Parent company"
2815,2816,"1. Parent company"
2815,2817,"1. Parent company"
235,2819,"1. Parent company"
2815,2821,"1. Parent company"
148,2822,"3. Factuuradres"
148,2822,"1. Parent company"
230,2823,"1. Parent company"
2155,2825,"1. Parent company"
116,2826,"1. Parent company"
2445,2829,"1. Parent company"
2445,2830,"1. Parent company"
2445,2831,"1. Parent company"
2494,2832,Sales Manager
223,2834,"1. Parent company"
191,2838,"1. Parent company"
91,2839,"1. Parent company"
91,2840,"1. Parent company"
91,2841,"1. Parent company"
1487,2842,"1. Parent company"
1487,2843,"3. Factuuradres"
182,2846,"1. Parent company"
1050,2847,"1. Parent company"
182,2849,"1. Parent company"
182,2850,"1. Parent company"
291,2851,"1. Parent company"
182,2852,"1. Parent company"
190,2853,"1. Parent company"
190,2855,"1. Parent company"
2494,2856,"1. Parent company"
191,2857,"1. Parent company"
191,2858,"1. Parent company"
3136,2859,"1. Parent company"
174,2862,"1. Parent company"
174,2863,"1. Parent company"
1050,2864,"1. Parent company"
1050,2865,"1. Parent company"
1050,2866,"1. Parent company"
1050,2867,"1. Parent company"
174,2869,"1. Parent company"
218,2871,"1. Parent company"
248,2874,"1. Parent company"
2877,2878,"3. Factuuradres"
2877,2878,"1. Parent company"
220,2879,"1. Parent company"
2155,2880,"1. Parent company"
302,2881,"1. Parent company"
1220,2883,"1. Parent company"
2494,2885,"1. Parent company"
1814,2888,"1. Parent company"
1814,2889,"3. Factuuradres"
1814,2889,"1. Parent company"
184,2891,"1. Parent company"
2155,2894,"1. Parent company"
184,2897,"1. Parent company"
